Top pages,Clicks,Impressions,CTR,Position
https://nicharalambous.com/blog/achievement-dysmorphia,325,26362,1.23%,10.73
https://nicharalambous.com/,249,4624,5.38%,4.55
https://nicharalambous.com/blog/nobody-cares-about-you,217,15472,1.4%,8.88
https://nicharalambous.com/blog/the-best-way-to-kill-a-parktown-prawn,155,10604,1.46%,10.04
https://nicharalambous.com/blog/minkis-bubble-bath,152,1769,8.59%,9.57
https://nicharalambous.com/blog/advice-from-40-year-old-me-to-20-year-oldnbspme,86,7055,1.22%,16.62
https://nicharalambous.com/blog/the-cheesecake-theory,82,1820,4.51%,7.14
https://nicharalambous.com/meet-nic-haralambous,75,2465,3.04%,6.8
https://nicharalambous.com/blog/no-more-blue-ticks-why-i-turned-off-read-receipts,69,14867,0.46%,17.88
https://nicharalambous.com/blog/snowflake-society,58,2706,2.14%,8.35
https://nicharalambous.com/blog/the-new-camel-packaging,56,1994,2.81%,7.72
https://nicharalambous.com/blog/mike-joubert-moving-from-corporate-to-entrepreneurship,47,1797,2.62%,7.44
https://nicharalambous.com/blog/how-to-add-a-discovery-credit-card-as-an-absa-beneficiary,42,15697,0.27%,38.65
https://nicharalambous.com/blog/two-bands-pull-out-of-coke-zero-fest-the-press-release,38,3575,1.06%,8.15
https://nicharalambous.com/blog/my-muscles-forgot-how-to-run,38,1138,3.34%,9.31
https://nicharalambous.com/blog/michael-smollan-purpose-driven-business-and-globalising-a-world-view,34,1295,2.63%,13.33
https://nicharalambous.com/blog/pronto-condoms,33,895,3.69%,6.81
https://nicharalambous.com/blog/cape-town-parking-costs-stifle-business,30,2588,1.16%,9.6
https://nicharalambous.com/blog/goldin-and-bloom-murderers-sentenced,28,290,9.66%,7.94
https://nicharalambous.com/blog/fall-out-boy-rocked-joburg,27,1399,1.93%,21.34
https://nicharalambous.com/blog/socially-acceptable-behaviour,25,4858,0.51%,19.87
https://nicharalambous.com/blog/why-its-just-business-is-bullshit,25,3020,0.83%,10.82
https://nicharalambous.com/blog/the-vida-e-caffe-tribe,21,1284,1.64%,20.44
https://nicharalambous.com/blog/avril-lavigne-is-an-idiot,20,304,6.58%,20.57
https://nicharalambous.com/blog/three-reasons-you-havent-started-a-side-hustle,19,1046,1.82%,24.24
https://nicharalambous.com/how-to-start-a-side-hustle-book,18,850,2.12%,42.77
https://nicharalambous.com/blog/journalist-pages-on-facebook,17,606,2.81%,13.01
https://nicharalambous.com/blog/how-i-use-social-media-to-build-brand-and-sell-socks,16,903,1.77%,12.26
https://nicharalambous.com/blog/ory-okolloh,16,883,1.81%,13.49
https://nicharalambous.com/slow-fund,15,394,3.81%,9.26
https://nicharalambous.com/blog/i-am-tired-of-hearing-about-madeleine-mccann,15,173,8.67%,22.55
https://nicharalambous.com/slow-hustle,15,171,8.77%,24.85
https://nicharalambous.com/blog/now-an-sa-man-is-looking-for-maddie-mccann,14,177,7.91%,24.29
https://nicharalambous.com/blog/greig-jansen,13,513,2.53%,8.55
https://nicharalambous.com/blog/southern-hemisphere-sports-domination,12,1548,0.78%,16.86
https://nicharalambous.com/blog/tashmia-ismail-avid-curiosity-and-combatting-inequality,12,420,2.86%,11.6
https://nicharalambous.com/blog/2020/2/3/dont-make-people-earn-your-trust-give-it-away-for-free,10,917,1.09%,14.61
https://nicharalambous.com/blog/bmw-drivers-the-worst-on-the-road,10,841,1.19%,17.98
https://nicharalambous.com/blog/kyle-redelinghuys,10,822,1.22%,8.42
https://nicharalambous.com/books,10,234,4.27%,13.37
https://nicharalambous.com/blog/time-magazines-best-photos-of-2005,10,163,6.13%,9.2
https://nicharalambous.com/blog/why-greeks-cannot-be-terrorists,10,50,20%,14.1
https://nicharalambous.com/blog/william-baby-whered-you-get-your-body-from-sexist-bullshit,9,5788,0.16%,11.87
https://nicharalambous.com/blog/vinny-lingham-abundant-thinking,9,933,0.96%,24.77
https://nicharalambous.com/blog/sms-spam-out-of-control-homemark,9,671,1.34%,8.47
https://nicharalambous.com/business-coach,9,662,1.36%,33.78
https://nicharalambous.com/blog/cassette-and-south-africa-say-fuck-you-to-red-jumpsuit-apparatus,9,124,7.26%,11.64
https://nicharalambous.com/blog/being-busy-is-killing-us,8,349,2.29%,10.99
https://nicharalambous.com/blog/billionaire-cultural-obsession,8,307,2.61%,14.81
https://nicharalambous.com/blog,7,1165,0.6%,14.52
https://nicharalambous.com/businesses,7,955,0.73%,36.27
https://nicharalambous.com/blog/gareth-cliffs-going-to-hell-ill-see-him-there,7,157,4.46%,40.8
https://nicharalambous.com/blog/nokias-n96-a-curios-piece,6,8443,0.07%,18.3
https://nicharalambous.com/blog/atheist-bus-campaign,6,1911,0.31%,12.06
https://nicharalambous.com/blog/fatima-meer-takes-on-the-anc-in-front-of-mandela,6,915,0.66%,27.98
https://nicharalambous.com/blog/install-evernote-on-blackberry-storm-i,6,560,1.07%,46.53
https://nicharalambous.com/blog/atheism-and-christianity-someone-needs-to-be-right,6,364,1.65%,54.38
https://nicharalambous.com/blog/how-does-a-150m-business-almost-go-bankrupt-quickly,6,275,2.18%,13.43
https://nicharalambous.com/blog/morning-joke-them-greeks,6,229,2.62%,15.11
https://nicharalambous.com/blog/david-aireys-blog-is-a-must-read,6,162,3.7%,19.25
https://nicharalambous.com/blog/2020/5/22/advice-from-30-year-old-me-to-20-year-old-me,6,74,8.11%,22.19
https://nicharalambous.com/blog/why-kulula-rebranded-and-what-it-means,5,532,0.94%,28.52
https://nicharalambous.com/blog/adrian-saville,5,483,1.04%,13.03
https://nicharalambous.com/blog/fantastic-nike-viral-advert,5,263,1.9%,17.14
https://nicharalambous.com/nicisms,5,217,2.3%,8.08
https://nicharalambous.com/blog/charity-will-not-save-south-africa,5,73,6.85%,22.22
https://nicharalambous.com/blog/a-few-reasons-why-facebook-is-better-than-myspace,4,1909,0.21%,39.06
https://nicharalambous.com/blog/sniper-in-afghanistan-goes-mental-from-over-2000ft,4,1665,0.24%,34.62
https://nicharalambous.com/blog/google-reader-as-a-social-netwotk,4,886,0.45%,60.96
https://nicharalambous.com/blog/kill-me-stephen-white,4,669,0.6%,11.5
https://nicharalambous.com/blog/jack-parow-dans-dans-dans-official-music-video,4,656,0.61%,12.43
https://nicharalambous.com/blog/2020/3/12/the-do-fail-learn-repeat-entrepreneurship-course,4,634,0.63%,13.39
https://nicharalambous.com/blog/what-was-sprite-thinking-let-me-hazard,4,374,1.07%,22.84
https://nicharalambous.com/blog/i-was-wrong-about-vinny-lingham,4,351,1.14%,44.78
https://nicharalambous.com/blog/2020/2/3/plan-in-decades-think-in-years-work-in-months-live-in-days,4,342,1.17%,10.27
https://nicharalambous.com/blog/how-i-stopped-being-an-asshole-entrepreneur,4,336,1.19%,15.89
https://nicharalambous.com/blog/screw-it-lets-do-it,4,335,1.19%,38.95
https://nicharalambous.com/blog/ive-had-it-with-carte-blanche,4,264,1.52%,28
https://nicharalambous.com/blog/dilbert-widget-oh-so-pretty,4,102,3.92%,17.3
https://nicharalambous.com/blog/co-founders-to-business-or-not-to-business,4,44,9.09%,24.84
https://nicharalambous.com/beating-burnout-in-business,4,37,10.81%,13.03
https://nicharalambous.com/blog/pregnancy-bullshit,4,31,12.9%,14.9
https://nicharalambous.com/blog/does-anyone-know-what-burke-means,3,2291,0.13%,26.3
https://nicharalambous.com/blog/what-the-bleep-do-we-know,3,1296,0.23%,49.6
https://nicharalambous.com/blog/samsung-d900-update,3,1056,0.28%,38.32
https://nicharalambous.com/blog/the-sony-xperia-z-ultra-phablet-smart-watch-2,3,1001,0.3%,22.78
https://nicharalambous.com/blog/behind-the-scenes-sony-bravia-paint-advert,3,955,0.31%,29.86
https://nicharalambous.com/blog/nik-rabinowitz-how-to-be-a-happy-comedian-and-what-to-do-about-the-ego,3,905,0.33%,16.28
https://nicharalambous.com/blog/2020/4/21/mentors-vs-frentors,3,425,0.71%,11.87
https://nicharalambous.com/blog/flickr-pro-account,3,400,0.75%,31.34
https://nicharalambous.com/blog/a-successful-first-exit-mxit-acquires-motribe,3,334,0.9%,51.73
https://nicharalambous.com/blog/pavlovs-parrot-theory,3,283,1.06%,12.6
https://nicharalambous.com/blog/do-you-feel-alienated-by-the-internet,3,219,1.37%,14.86
https://nicharalambous.com/blog/megan-mackenzie-ep-15-of-the-curiosity-cult-show,3,157,1.91%,14.39
https://nicharalambous.com/blog/the-nicsocks-website-redesign,3,98,3.06%,7.28
https://nicharalambous.com/blog/what-a-great-advert-be-wise-condomise,3,78,3.85%,18.04
https://nicharalambous.com/blog/tag/Seth Rotherham,3,37,8.11%,21.78
https://nicharalambous.com/blog/20-albums-to-educate-your-children-with,3,36,8.33%,23.19
https://nicharalambous.com/blog/samsung-d900,2,4057,0.05%,17.28
https://nicharalambous.com/blog/nikon-d40-dslr-the-peoples-choice,2,2895,0.07%,48.39
https://nicharalambous.com/blog/teazers-ooops,2,957,0.21%,14.12
https://nicharalambous.com/blog/white-taxi,2,798,0.25%,11.41
https://nicharalambous.com/blog/the-bang-bang-club,2,653,0.31%,47.05
https://nicharalambous.com/blog/bob-skinstad,2,629,0.32%,17.48
https://nicharalambous.com/blog/why-vodacom-pisses-me-off,2,560,0.36%,34.32
https://nicharalambous.com/blog/sam-beckbessinger,2,435,0.46%,15.87
https://nicharalambous.com/its-not-over,2,417,0.48%,22.89
https://nicharalambous.com/blog/camel-gets-some-flavour,2,375,0.53%,10.22
https://nicharalambous.com/blog/egoli-and-binnelanders-take-over,2,360,0.56%,9.26
https://nicharalambous.com/blog/bmw-service-sucks,2,309,0.65%,10.21
https://nicharalambous.com/blog/jaded-ink-launches-tatts-abound,2,301,0.66%,13.3
https://nicharalambous.com/blog/go-pepsi-yourself,2,280,0.71%,15.71
https://nicharalambous.com/blog/adgator-the-good-the-bad-and-the-money,2,279,0.72%,16.67
https://nicharalambous.com/blog/monogamy-is-insane-lets-do-it,2,277,0.72%,28.21
https://nicharalambous.com/blog/rich-mulholland-comfort-vs-curiosity-and-starting-to-sell-early-ep-12,2,244,0.82%,35.53
https://nicharalambous.com/blog/tag/Danie Krugel,2,232,0.86%,17.18
https://nicharalambous.com/blog/qik-is-just-that-a-quick-way-to-stream-live-video,2,206,0.97%,10.75
https://nicharalambous.com/side-hustle-course,2,188,1.06%,17.44
https://nicharalambous.com/blog/social-networks-aka-dating-sites-and-crap-websites,2,183,1.09%,42.13
https://nicharalambous.com/blog/this-is-p2-a-microblogging-wordpress-pl,2,170,1.18%,49.09
https://nicharalambous.com/blog/2020/5/3/the-best-way-to-sell,2,169,1.18%,38.54
https://nicharalambous.com/blog/service-in-south-africa-sucks,2,162,1.23%,19.19
https://nicharalambous.com/blog/religion-ends-a-friendship,2,150,1.33%,18.63
https://nicharalambous.com/blog/tag/Survivor South Africa,2,112,1.79%,35.28
https://nicharalambous.com/blog/mike-scott-the-challenging-necessity-of-cultivating-feedback,2,108,1.85%,26.93
https://nicharalambous.com/blog/flickr-layout-change-possible,2,99,2.02%,66
https://nicharalambous.com/blog/leana-de-beer,2,96,2.08%,25.41
https://nicharalambous.com/blog/imperial-acquires-forefront-africa,2,92,2.17%,15.6
https://nicharalambous.com/blog/vfest-south-africa-postponed,2,74,2.7%,27.22
https://nicharalambous.com/blog/google-does-own-the-internet,2,64,3.12%,11.34
https://nicharalambous.com/blog/tech-attach-7-google-reader,2,61,3.28%,39.34
https://nicharalambous.com/blog/tag/wikipedia,2,52,3.85%,31.88
https://nicharalambous.com/side-hustle-cheat-sheet-thank-you,2,38,5.26%,15.45
https://nicharalambous.com/blog/god-hates-heath-ledger-hes-in-hell-for-sure,2,35,5.71%,25.14
https://nicharalambous.com/blog/these-guys-suck-and-so-do-their-blogs,2,34,5.88%,15.26
https://nicharalambous.com/blog/new-tattoo-help-me-create-it,2,30,6.67%,21.93
https://nicharalambous.com/blog/morning-rituals,2,27,7.41%,34.3
https://nicharalambous.com/blog/adults-break-rules-rules-break-adults,2,23,8.7%,21.65
https://nicharalambous.com/blog/is-freelancentralcoza-selling-their-database,2,19,10.53%,4.89
https://nicharalambous.com/blog/techattack-6-googles-picasa-web-albums,1,12133,0.01%,40.04
https://nicharalambous.com/blog/absa-internet-banking-it-sucks,1,7592,0.01%,40.01
https://nicharalambous.com/blog/mybloglog-site-fraud,1,1923,0.05%,58.1
https://nicharalambous.com/blog/copyscape-check-your-content,1,1790,0.06%,66.39
https://nicharalambous.com/blog/behind-the-scenes-sony-bravia-bouncy-ball-advert,1,1697,0.06%,39.26
https://nicharalambous.com/blog/modern-day-poets,1,956,0.1%,30.61
https://nicharalambous.com/blog/aisha-pandor-sweepsouth,1,883,0.11%,19.88
https://nicharalambous.com/blog/brandseye-online-reputation-management-for-big-business-only,1,788,0.13%,31.79
https://nicharalambous.com/blog/is-technorati-a-load-of-shit,1,786,0.13%,36.88
https://nicharalambous.com/blog/tuneupmedia-stack-sort-and-rack-your-itunes-library,1,643,0.16%,52.81
https://nicharalambous.com/blog/ipod-touch-hack-ijailbreak,1,605,0.17%,37.32
https://nicharalambous.com/blog/instant-messaging-becomes-a-mini-social-network,1,550,0.18%,30.61
https://nicharalambous.com/blog/2020/4/6/the-curious-cult-show-episode-1-trip-hawkins-electronic-arts-founder,1,526,0.19%,29.11
https://nicharalambous.com/blog/buying-xbox360-games-online-an-sa-website-comparison,1,438,0.23%,55.71
https://nicharalambous.com/blog/custom-domains-on-blogger,1,399,0.25%,39.54
https://nicharalambous.com/blog/work-life-balance-bullshit,1,380,0.26%,92.56
https://nicharalambous.com/blog/no-free-ericsson-laptops-this-is-a-hoax,1,350,0.29%,24.64
https://nicharalambous.com/blog/top-100-songs-of-2007-jay-z-wins,1,319,0.31%,39.07
https://nicharalambous.com/blog/ananzi-in-top-ten-local-websites,1,307,0.33%,29.69
https://nicharalambous.com/blog/twam-the-new-spam-from-twitter,1,291,0.34%,7.96
https://nicharalambous.com/blog/incredible-accoustic-guitarist-andy-mckee,1,257,0.39%,61.11
https://nicharalambous.com/blog/tag/christof appel,1,252,0.4%,11.11
https://nicharalambous.com/blog/2020/2/3/the-sacrifice-fallacy-you-dont-need-to-suffer-to-build-a-successful-business,1,238,0.42%,17.16
https://nicharalambous.com/blog/get-your-facts-straight,1,229,0.44%,27.3
https://nicharalambous.com/blog/building-a-personal-brand-side-hustle,1,209,0.48%,47.43
https://nicharalambous.com/blog/the-next-killer-app-wont-be-a-killer-app-at-all,1,201,0.5%,37.19
https://nicharalambous.com/blog/pitching-to-calacanis-at-twist,1,193,0.52%,23.93
https://nicharalambous.com/blog/shannon-esra-flourish-follow-through-and-the-power-of-words-2gpjg,1,178,0.56%,45.06
https://nicharalambous.com/blog/svchostexe-file,1,176,0.57%,40.97
https://nicharalambous.com/blog/i-dislike-christmas-alot-i-am-the-grinch,1,173,0.58%,47.72
https://nicharalambous.com/blog/tag/Samsung D900,1,158,0.63%,63.21
https://nicharalambous.com/blog/seth-green-says-leave-britney-freak-alone,1,154,0.65%,12.62
https://nicharalambous.com/blog/side-hustle-side-hassle,1,144,0.69%,32.68
https://nicharalambous.com/blog/freshly-ground-win-ema,1,141,0.71%,56.99
https://nicharalambous.com/blog/the-old-south-african-flag-offensive-and-upsetting,1,136,0.74%,26.35
https://nicharalambous.com/blog/facebook-is-running-out-of-space-and-will-delete-you,1,114,0.88%,17.43
https://nicharalambous.com/blog/the-best-pitch-email-ive-ever-received-as-a-blogger,1,99,1.01%,51.94
https://nicharalambous.com/blog/zoopyit-has-begun,1,97,1.03%,22.99
https://nicharalambous.com/blog/we-blog-the-world-a-south-african-bloggers-tour,1,95,1.05%,87.75
https://nicharalambous.com/blog/proud-to-be-white-is-that-right,1,94,1.06%,44.56
https://nicharalambous.com/blog/honesty-is-the-best-business-policy-when-selling-online,1,93,1.08%,61.69
https://nicharalambous.com/blog/bloggers-who-like-to-get-beta-testing-invites,1,87,1.15%,43.32
https://nicharalambous.com/blog/high-fidelity-music-and-movies,1,87,1.15%,54.4
https://nicharalambous.com/blog/alexandria-procter-identity-layers-of-curiosity-amp-creating-things,1,86,1.16%,31.95
https://nicharalambous.com/blog/suvj6j2t95emutiny4wy0bs1kbmgc6,1,81,1.23%,30.27
https://nicharalambous.com/blog/stop-being-a-knowledge-snob,1,75,1.33%,13.15
https://nicharalambous.com/blog/paolo-nutini-and-the-kooks,1,74,1.35%,26.32
https://nicharalambous.com/blog/interview-jon-blair-director-of-murder-most-foul,1,68,1.47%,10.59
https://nicharalambous.com/blog/rob-mcginnis-turning-c02-into-fuel-ep-09,1,65,1.54%,39.48
https://nicharalambous.com/blog/are-you-a-key-man,1,62,1.61%,14.48
https://nicharalambous.com/blog/why-muti-moderation-might-work,1,60,1.67%,15.37
https://nicharalambous.com/blog/comedytwistcoza-have-a-laugh-on-your-phone,1,59,1.69%,33.12
https://nicharalambous.com/blog/tag/Snitch,1,58,1.72%,15.16
https://nicharalambous.com/blog/motribe-interviewed-on-bandwidth-blog,1,57,1.75%,23.68
https://nicharalambous.com/blog/the-final-day-of-movember-2010-timelapse-video,1,55,1.82%,6.53
https://nicharalambous.com/blog/what-would-you-tell-the-world,1,50,2%,6.96
https://nicharalambous.com/blog/online-politics-zoopy-and-helen-zille,1,49,2.04%,37.41
https://nicharalambous.com/blog/tag/Teazers,1,49,2.04%,54.29
https://nicharalambous.com/blog/my-first-mens-health-column,1,48,2.08%,32.08
https://nicharalambous.com/blog/david-bullard-post-traumatic-stress-syndrome,1,47,2.13%,49.45
https://nicharalambous.com/blog/facebook-is-actually-becoming-ridiculous,1,42,2.38%,23.93
https://nicharalambous.com/blog/crowdsourced-police-work-catch-the-cat-abuser,1,41,2.44%,31.02
https://nicharalambous.com/blog/second-life-mimics-life-legal-woes-ensue,1,39,2.56%,48.54
https://nicharalambous.com/blog/shthouse-comics-hilarious,1,37,2.7%,56.97
https://nicharalambous.com/blog/two-blogs-are-better-than-one,1,35,2.86%,21.43
https://nicharalambous.com/blog/tag/answerit-com,1,34,2.94%,13.68
https://nicharalambous.com/blog/matchbox-twenty-are-back,1,34,2.94%,55.15
https://nicharalambous.com/blog/home-made-chili-sauce,1,33,3.03%,16.61
https://nicharalambous.com/blog/hsbc-hit-by-email-spammer,1,30,3.33%,27.87
https://nicharalambous.com/blog/six-degrees-of-frustration,1,29,3.45%,14.86
https://nicharalambous.com/blog/dont-preachsell,1,29,3.45%,19.48
https://nicharalambous.com/blog/2020/2/3/its-not-your-fault-its-your-choice,1,26,3.85%,14.23
https://nicharalambous.com/blog/connected-business-and-collective-success,1,25,4%,26.28
https://nicharalambous.com/blog/three-rhodes-students-die,1,22,4.55%,10.32
https://nicharalambous.com/blog/tag/satan,1,19,5.26%,22.74
https://nicharalambous.com/blog/greek-cooking-all-day-long,1,17,5.88%,29.76
https://nicharalambous.com/blog/2010-spam-emails-are-coming-i-have-just,1,16,6.25%,18.44
https://nicharalambous.com/blog/tag/Pamela Anderson,1,16,6.25%,22.38
https://nicharalambous.com/blog/amagama-gets-a-redesign,1,15,6.67%,49.93
https://nicharalambous.com/blog/i-was-once-a-rocker-unbelievable-believe-it,1,14,7.14%,20.07
https://nicharalambous.com/blog/tag/Family,1,13,7.69%,39.46
https://nicharalambous.com/blog/2020/2/3/2020-will-be-the-year-of-mental-health,1,12,8.33%,21.42
https://nicharalambous.com/s/51-Side-Hustle-Ideas.pdf,1,6,16.67%,44.5
https://nicharalambous.com/blog/the-parlotones,1,6,16.67%,65.5
https://nicharalambous.com/blog/tag/Glogspot,1,4,25%,4.25
https://nicharalambous.com/blog/aqua-bimini-stay-young-forever,1,3,33.33%,6
https://nicharalambous.com/blog/27-dinner-around-the-corner,1,3,33.33%,7
https://nicharalambous.com/blog/28-years-for-rape-sodomy-and-attempted-murder,1,3,33.33%,14.67
https://nicharalambous.com/blog/links-for-2007-05-24,1,3,33.33%,58.33
https://nicharalambous.com/blog/ster-kinekor-ruined-district-9-not-on,1,2,50%,5.5
https://nicharalambous.com/blog/tag/SMME,1,1,100%,1
https://nicharalambous.com/blog/tag/Nokia N97,1,1,100%,13
https://nicharalambous.com/blog/bronchial-spasms,0,1861,0%,53.11
https://nicharalambous.com/blog/absa-takes-no-responsibility-for-fraud,0,1838,0%,64.48
https://nicharalambous.com/blog/amatomu-zeitgeist-sentence,0,1429,0%,27.53
https://nicharalambous.com/blog/words-and-sayings,0,1397,0%,9.18
https://nicharalambous.com/blog/customise-your-facebook-fan-page-with-fbml-application,0,1209,0%,40.24
https://nicharalambous.com/blog/ipod-touch-the-full-review,0,1153,0%,52.68
https://nicharalambous.com/blog/9-5-or-working-your-own-hours,0,1126,0%,38.8
https://nicharalambous.com/blog/google-answers,0,1008,0%,25.24
https://nicharalambous.com/blog/six-degrees-of-social-networks,0,861,0%,45.11
https://nicharalambous.com/blog/big-blog-directory,0,642,0%,67.25
https://nicharalambous.com/blog/tag/synthasite,0,572,0%,54.88
https://nicharalambous.com/blog/my-list-of-ten-influential-bloggers,0,496,0%,34.15
https://nicharalambous.com/blog/hello-world-2,0,483,0%,28.13
https://nicharalambous.com/blog/wordpress-and-blogger-both-offer-custom-domains,0,476,0%,54.66
https://nicharalambous.com/blog/tag/Lolly Jackson,0,476,0%,57.85
https://nicharalambous.com/blog/kate-nash-is-holding-on-to-the-cracks-in-a-foundation,0,453,0%,46.71
https://nicharalambous.com/blog/whos-going-to-sexpo,0,404,0%,32.57
https://nicharalambous.com/blog/tag/success,0,403,0%,10.7
https://nicharalambous.com/blog/the-treadmill-of-happiness,0,390,0%,33.4
https://nicharalambous.com/blog/30-seconds-to-mars,0,379,0%,42.28
https://nicharalambous.com/blog/laugh-on-the-inside,0,351,0%,28
https://nicharalambous.com/blog/techattack-2-limewire,0,341,0%,64.64
https://nicharalambous.com/blog/movie-week-in-review-harry-potter-and-fantastic-flop,0,326,0%,26.87
https://nicharalambous.com/blog/tiltshiftmakercom-making-the-tilt-shift-photo-easy,0,273,0%,35.43
https://nicharalambous.com/blog/last-fm-update,0,259,0%,31.87
https://nicharalambous.com/blog/blogging-is-dead-move-to-twitter-because-wired-said-so,0,251,0%,30.86
https://nicharalambous.com/blog/i-hate-mondays,0,239,0%,53.69
https://nicharalambous.com/blog/comparison-destruction,0,236,0%,13.99
https://nicharalambous.com/blog/tag/Jippii,0,228,0%,62.97
https://nicharalambous.com/blog/super-mario-bros-bloopers,0,227,0%,21.61
https://nicharalambous.com/blog/lets-all-blog-about-blogging-about-blogging,0,222,0%,24.5
https://nicharalambous.com/blog/tag/South Africa,0,215,0%,21.12
https://nicharalambous.com/blog/this-is-what-is-wrong-with-our-music-culture-rattex-is-poison,0,212,0%,35.06
https://nicharalambous.com/blog/petrol-and-debit-cards,0,211,0%,18.5
https://nicharalambous.com/blog/mydigitallife-blogs-put-me-off,0,211,0%,47.88
https://nicharalambous.com/blog/what-hitting-the-front-page-of-hacker-news-looks-like,0,209,0%,14.43
https://nicharalambous.com/blog/top-gear-top-crash,0,200,0%,28.69
https://nicharalambous.com/speaker,0,188,0%,12.97
https://nicharalambous.com/blog/three-questions-to-ask-yourself-before-you-say-yes-to-anything,0,186,0%,39.55
https://nicharalambous.com/blog/make-money-vs-earn-a-salary,0,181,0%,24.26
https://nicharalambous.com/blog/the-subscription-boom-its-not-rss,0,179,0%,44.15
https://nicharalambous.com/blog/one-word-answers,0,174,0%,25.65
https://nicharalambous.com/blog/mobile-seo-is-coming-are-you-prepared,0,172,0%,83.79
https://nicharalambous.com/blog/is-mobile-hyper-local-location-based-n,0,167,0%,62.52
https://nicharalambous.com/blog/sxsw-2011-interactive-look-back-the-shuttles-win,0,164,0%,36.15
https://nicharalambous.com/blog/2020/5/13/greg-smithies-ep-05-of-the-curious-cult-show,0,161,0%,31.68
https://nicharalambous.com/blog/is-mydigitallife-tripling-10c-payment,0,161,0%,42.99
https://nicharalambous.com/blog/vodacom-and-samsung-suck,0,160,0%,37.26
https://nicharalambous.com/blog/schools-pull-out-of-rugby-ranking-system,0,159,0%,20.11
https://nicharalambous.com/blog/2020/2/3/ten-years-of-business-lessons-from-a-startup-founder,0,159,0%,42.57
https://nicharalambous.com/blog/one-trick-pony,0,158,0%,75.89
https://nicharalambous.com/blog/tag/ABSA,0,157,0%,64.06
https://nicharalambous.com/blog/myspacecom,0,155,0%,36.76
https://nicharalambous.com/blog/is-south-africa-not-good-enough-for-vinny-lingham,0,150,0%,59.65
https://nicharalambous.com/blog/category/Video,0,149,0%,40.76
https://nicharalambous.com/blog/busyness,0,147,0%,10.42
https://nicharalambous.com/blog/find-your-passion-project,0,146,0%,32.14
https://nicharalambous.com/blog/pay-on-time-every-time,0,141,0%,84.41
https://nicharalambous.com/blog/somebody-gonna-get-a-hurt-real-bad,0,138,0%,35.6
https://nicharalambous.com/blog/google-wave-use-cases-in-africa-with-al,0,135,0%,48.25
https://nicharalambous.com/blog/saddam-hanged-wise-move,0,134,0%,41.45
https://nicharalambous.com/blog/tag/Heidi Klum,0,128,0%,28.13
https://nicharalambous.com/blog/legends-of-echo-goes-live,0,126,0%,23.04
https://nicharalambous.com/blog/tag/Googlethu,0,124,0%,4.71
https://nicharalambous.com/blog/collective-unconscious,0,124,0%,26.22
https://nicharalambous.com/blog/funny-inspirational-pictures-that-are-in-poor-taste-the-best-fb-group-ever,0,123,0%,47.11
https://nicharalambous.com/blog/2020/2/3/the-five-day-workweek-is-dying,0,123,0%,50.2
https://nicharalambous.com/blog/did-vodacom-break-their-mobile-internet,0,123,0%,53.33
https://nicharalambous.com/blog/tweeklyfm-rocks-my-twitter-music,0,118,0%,12.63
https://nicharalambous.com/blog/tag/side hustle,0,118,0%,19.44
https://nicharalambous.com/blog/people-the-most-important-part-of-a-corporation,0,117,0%,47.57
https://nicharalambous.com/blog/according-to-nike-football-doesnt-exist-in-africa,0,116,0%,23.14
https://nicharalambous.com/blog/i-shmaak-amatomus-new-features,0,114,0%,13.18
https://nicharalambous.com/blog/amatomu-graphs-all-over-the-place,0,113,0%,8.62
https://nicharalambous.com/blog/tag/Lingham Capital,0,113,0%,16.94
https://nicharalambous.com/blog/tinus-le-roux-taking-stadium-sized-selfies-ep-10-of-the-curiosity-cult-show,0,112,0%,18.15
https://nicharalambous.com/blog/amatomu-rate-rank-and-share,0,109,0%,7.14
https://nicharalambous.com/blog/london-paris-jen,0,108,0%,26.66
https://nicharalambous.com/blog/do-less-but-better,0,106,0%,22.17
https://nicharalambous.com/blog/flock-extensions-magic,0,105,0%,28.59
https://nicharalambous.com/home-2,0,103,0%,6.4
https://nicharalambous.com/blog/bliptv-offers-podcast-hosting,0,103,0%,57.82
https://nicharalambous.com/blog/all-quiet-on-the-western-front,0,101,0%,7.56
https://nicharalambous.com/blog/the-secret-to-everything-i-promise,0,99,0%,30.01
https://nicharalambous.com/blog/dstv-adverts,0,99,0%,39.55
https://nicharalambous.com/blog/wii-vs-ps3-wii-wins-heads-down,0,99,0%,44.38
https://nicharalambous.com/blog/funding-for-2739-years,0,98,0%,10.49
https://nicharalambous.com/blog/die-telkom-die,0,98,0%,47.32
https://nicharalambous.com/blog/bloggers-like-to-be-restricted-twitter-is-proof,0,97,0%,42.82
https://nicharalambous.com/blog/you-are-not-oprah,0,96,0%,37.43
https://nicharalambous.com/blog/googlethu-lives,0,95,0%,8.99
https://nicharalambous.com/media,0,94,0%,8.82
https://nicharalambous.com/blog/paris-hilton-goes-back-to-jail-how-the-risen-can-fall,0,94,0%,41.38
https://nicharalambous.com/blog/live-earth-concert-lineup,0,93,0%,11.77
https://nicharalambous.com/blog/category/Podcast,0,93,0%,19.76
https://nicharalambous.com/blog/tag/Vinny Lingham,0,93,0%,23.42
https://nicharalambous.com/blog/rodrigo-y-gabriela,0,92,0%,57.18
https://nicharalambous.com/blog/tag/Mobile,0,91,0%,15.37
https://nicharalambous.com/blog/sell-sell-sell-and-other-startup-stumbling-blocks,0,90,0%,64.8
https://nicharalambous.com/blog/amatomu-puts-back-unique-user-sessions,0,89,0%,7.99
https://nicharalambous.com/blog/2020/5/7/husayn-kassai-onfido-ceo-ep-05-of-the-curious-cult-show-podcast,0,89,0%,57.09
https://nicharalambous.com/blog/i-join-south-park-meet-little-niki,0,86,0%,11.97
https://nicharalambous.com/blog/greenday-and-u2-hook-up,0,86,0%,50.12
https://nicharalambous.com/blog/qube-the-future-of-social-networks,0,84,0%,21.52
https://nicharalambous.com/blog/eric-edelstein-the-masterbaiter,0,84,0%,36.51
https://nicharalambous.com/blog/sa-news-organisations-on-google-trends,0,83,0%,36.73
https://nicharalambous.com/blog/there-is-alot-happening,0,81,0%,9.3
https://nicharalambous.com/blog/why-cant-i-say-fuck-oops,0,81,0%,11.21
https://nicharalambous.com/blog/bite-him-hard,0,81,0%,12.52
https://nicharalambous.com/blog/reprobates-and-bloggers-the-digital-edge-podcast,0,80,0%,36.23
https://nicharalambous.com/blog/is-google-analytics-having-issues,0,80,0%,75.86
https://nicharalambous.com/blog/cyanide-and-happiness,0,76,0%,4.76
https://nicharalambous.com/blog/okgos-new-single-this-too-shall-pass,0,74,0%,36.76
https://nicharalambous.com/blog/neighbour-horror-trilogy,0,74,0%,42.86
https://nicharalambous.com/blog/a-brief-conversation-with-mushypeasontoast,0,72,0%,14.17
https://nicharalambous.com/blog/stoked-surf-school-rocked-my-weekend,0,72,0%,42.49
https://nicharalambous.com/blog/why-legacy-professions-piss-me-off,0,71,0%,11.17
https://nicharalambous.com/blog/technorati-changes-links-to-authority,0,71,0%,27.01
https://nicharalambous.com/blog/death-metal-rap-hop-and-the-devil-made-me-do-it,0,69,0%,38.14
https://nicharalambous.com/blog/media-whore,0,67,0%,37.69
https://nicharalambous.com/blog/3-megapixels-seems-to-work-pretty-well,0,67,0%,48.67
https://nicharalambous.com/blog/mtn-unlimited-bandwidth-within-8-weeks,0,67,0%,53.87
https://nicharalambous.com/blog/defining-0809-analysing-the-year-past-and-the-year-ahead,0,66,0%,17.68
https://nicharalambous.com/blog/the-fresh-drive-hellopeter-and-some-very-sad-listeners,0,66,0%,20.17
https://nicharalambous.com/blog/2020/2/3/how-to-live-a-curious-life-and-find-more-happiness,0,66,0%,38.64
https://nicharalambous.com/blog/tech-is-good-customer-service-is-better,0,65,0%,17.26
https://nicharalambous.com/blog/the-coke-side-of-life,0,64,0%,31.56
https://nicharalambous.com/blog/useful-sites-for-students,0,64,0%,37.69
https://nicharalambous.com/blog/a-parktown-prawn-in-my-shoe,0,64,0%,67.22
https://nicharalambous.com/blog/tag/freedom of speech,0,63,0%,11.87
https://nicharalambous.com/blog/changing-blog-url-and-name,0,63,0%,46.94
https://nicharalambous.com/blog/band-review-acceptance,0,63,0%,83.79
https://nicharalambous.com/blog/toilet-paper-old-flags-and-security-systems,0,62,0%,28.42
https://nicharalambous.com/blog/car-crashes,0,62,0%,30.13
https://nicharalambous.com/blog/erik-hersman-ep-13-of-the-curiosity-cult-show,0,62,0%,32.82
https://nicharalambous.com/blog/fresh-faced-comic-russel-peters-on-arranged-marriage,0,62,0%,35.94
https://nicharalambous.com/blog/google-share-price-reaches-9-month-high,0,62,0%,40
https://nicharalambous.com/blog/viewgle-the-shutterview-search-engine,0,60,0%,10.08
https://nicharalambous.com/blog/has-twitter-increased-your-one-on-one-im,0,60,0%,12.18
https://nicharalambous.com/blog/tag/Vinny Lingam,0,60,0%,18.43
https://nicharalambous.com/blog/skype-helps-transcend-age-and-geographical-barriers,0,60,0%,31.68
https://nicharalambous.com/blog/ronaldinho-touch-of-god,0,60,0%,32
https://nicharalambous.com/blog/2020/2/3/do-not-wake-up-at-5am,0,60,0%,45.98
https://nicharalambous.com/blog/i-got-another-confession-to-make,0,60,0%,59.72
https://nicharalambous.com/blog/click-a-lot-triple-your-cash,0,59,0%,53.24
https://nicharalambous.com/blog/scott-monument,0,59,0%,78.41
https://nicharalambous.com/blog/iphone-ifever-becomes-and-ifrenzy,0,58,0%,11.28
https://nicharalambous.com/blog/smoking-in-the-rain,0,58,0%,23.76
https://nicharalambous.com/blog/pownce-and-the-sa-market,0,58,0%,51.4
https://nicharalambous.com/blog/i-went-to-a-party,0,58,0%,74.57
https://nicharalambous.com/blog/he-ate-my-ice-cream,0,57,0%,7.79
https://nicharalambous.com/blog/tag/Telkom,0,56,0%,61.84
https://nicharalambous.com/blog/heres-why-you-feel-like-a-failure-most-of-the-time,0,55,0%,12.42
https://nicharalambous.com/blog/mugabe-loses-honorary-doctorate,0,55,0%,15.67
https://nicharalambous.com/blog/techattack-3-cocomment,0,55,0%,18.89
https://nicharalambous.com/blog/tag/Spam,0,55,0%,35.02
https://nicharalambous.com/blog/tag/Rattex,0,55,0%,98.55
https://nicharalambous.com/blog/amatomu-releases-technorati-ranking-on-homepage,0,54,0%,9.5
https://nicharalambous.com/blog/the-koek-jou-moer-and-mr-norris,0,54,0%,10.46
https://nicharalambous.com/blog/the-importance-of-weekend-blogging,0,54,0%,12.02
https://nicharalambous.com/profit-after-pain,0,54,0%,17.78
https://nicharalambous.com/blog/the-real-big-fat-greek-lunch,0,54,0%,33.93
https://nicharalambous.com/blog/ipod-touch-blogging,0,54,0%,47.31
https://nicharalambous.com/blog/how-we-got-venture-capital-in-south-africa,0,54,0%,48.67
https://nicharalambous.com/blog/wordpress-23-uses-google-blogsearch-not-technorati,0,54,0%,62.89
https://nicharalambous.com/blog/zoopy-alters-their-views-per-video,0,53,0%,27.3
https://nicharalambous.com/blog/why-is-zim-in-the-t20-world-cup,0,53,0%,35.21
https://nicharalambous.com/blog/i-finally-made-the-cover-of-time-magazine,0,53,0%,44.15
https://nicharalambous.com/blog/be-the-most-you,0,51,0%,35.86
https://nicharalambous.com/blog/vincent-maher-makes-virgin-money,0,51,0%,43.67
https://nicharalambous.com/blog/2020/4/29/geraldine-deruite-ep-04-of-the-curious-cult-show-podcast,0,50,0%,22.94
https://nicharalambous.com/blog/tag/MyDigitalLife,0,50,0%,32.88
https://nicharalambous.com/blog/2020/2/3/heres-how-to-grow-an-authentic-business-network,0,49,0%,24.16
https://nicharalambous.com/blog/is-facebook-going-the-myspace-way,0,49,0%,47.96
https://nicharalambous.com/blog/blogroll-vs-linklove-vs-advertiser,0,49,0%,62.31
https://nicharalambous.com/blog/my-wikia-search-preview-photo-features-on-techcrunch,0,49,0%,73.18
https://nicharalambous.com/blog/decisions,0,48,0%,5.12
https://nicharalambous.com/blog/curious-cult-podcast-yossi-hasson,0,48,0%,15.67
https://nicharalambous.com/blog/watch-this-dog-chase-its-tail,0,48,0%,30.88
https://nicharalambous.com/blog/do-not-buy-a-guess-watch,0,47,0%,20.21
https://nicharalambous.com/blog/tag/David Bullard,0,47,0%,24.38
https://nicharalambous.com/blog/puzzling-isnt-it,0,46,0%,5.89
https://nicharalambous.com/blog/the-sony-xperia-z-ultra-phablet-smart-watch-2?format=amp,0,46,0%,29.33
https://nicharalambous.com/blog/do-not-date-him-a-website-is-born,0,46,0%,29.72
https://nicharalambous.com/blog/at-the-car-wash,0,46,0%,31.26
https://nicharalambous.com/blog/chris-crocker-gets-blended,0,45,0%,15.96
https://nicharalambous.com/blog/survivors-dead-goat,0,45,0%,25.58
https://nicharalambous.com/blog/kumomo-spamvertising-gets-personal,0,45,0%,55.44
https://nicharalambous.com/blog/a-little-change-never-hurt-anyone,0,45,0%,65.04
https://nicharalambous.com/blog/amatomu-adds-6-month-stats-graph,0,44,0%,13.32
https://nicharalambous.com/blog/job-waiting,0,44,0%,17.84
https://nicharalambous.com/blog/urban-game-drive-with-vitaminwater,0,44,0%,33.36
https://nicharalambous.com/blog/all-quiet-on-the-western-front?format=amp,0,42,0%,4.71
https://nicharalambous.com/blog/upcycled-human-sealand,0,42,0%,21.55
https://nicharalambous.com/blog/2020/3/27/adapting-to-the-new-business-normal-a-panel-stream,0,42,0%,35.57
https://nicharalambous.com/blog/facebook-marketplace-goes-regional,0,41,0%,16.88
https://nicharalambous.com/blog/the-internet-makes-me-a-jealous-prat,0,41,0%,42.85
https://nicharalambous.com/blog/beatboxing-girl-absolutely-mind-blowi,0,41,0%,46.68
https://nicharalambous.com/blog/is-big-think-the-future-of-online-information,0,40,0%,30.15
https://nicharalambous.com/blog/six-career-limiting-moves-you-could-make-online,0,40,0%,37.67
https://nicharalambous.com/blog/i-quit,0,39,0%,25.31
https://nicharalambous.com/blog/tag/Hellkom,0,38,0%,27.26
https://nicharalambous.com/blog/the-muti-model-and-zoopy-spam,0,38,0%,28.55
https://nicharalambous.com/blog/is-it-wrong-to-like-britney-spears,0,38,0%,28.89
https://nicharalambous.com/blog/skinstad-and-white-robbed,0,37,0%,11.32
https://nicharalambous.com/blog/2020/3/7/different-doesnt-meannbspbad,0,37,0%,19.95
https://nicharalambous.com/blog/be-smart-be-niche-be-mobile,0,37,0%,25.05
https://nicharalambous.com/blog/the-muscle-memory-of-life,0,37,0%,27.54
https://nicharalambous.com/blog/tag/Zoopy,0,37,0%,37.41
https://nicharalambous.com/blog/circular-blogging,0,37,0%,44
https://nicharalambous.com/blog/the-mosquitos-are-here,0,37,0%,56.81
https://nicharalambous.com/blog/nudjit-nominated-for-a-logo-award,0,35,0%,7.74
https://nicharalambous.com/blog/hung-over-hung-over-i-hate-saturday,0,35,0%,17.29
https://nicharalambous.com/blog/src-coup-students-have-gone-a-bit-moggy,0,35,0%,17.49
https://nicharalambous.com/blog/why-you-should-need-a-license-to-nap-dale-rae-on-the-curious-cult-podcast,0,35,0%,40.14
https://nicharalambous.com/blog/tag/parkour,0,35,0%,51.37
https://nicharalambous.com/blog/tag/Random Note,0,34,0%,19.65
https://nicharalambous.com/blog/rumshot-rocks,0,34,0%,21.82
https://nicharalambous.com/blog/homemark-spam-scam-continued,0,34,0%,23.41
https://nicharalambous.com/blog/eyepost-or-is-it-ipod,0,34,0%,25
https://nicharalambous.com/blog/your-side-hustle-should-be-additive-not-subtractive,0,33,0%,15.79
https://nicharalambous.com/blog/forty-sumtin-dollars-a-day,0,33,0%,19.27
https://nicharalambous.com/blog/tag/Blogging,0,33,0%,23
https://nicharalambous.com/blog/win-with-doritos-taco-a-relative-flop,0,33,0%,45.94
https://nicharalambous.com/blog/mnet-and-afrikaans-content,0,33,0%,54.82
https://nicharalambous.com/blog/tag/business,0,32,0%,5.81
https://nicharalambous.com/blog/its-all-over,0,32,0%,15.66
https://nicharalambous.com/blog/google-wise-your-post-titles,0,32,0%,20.62
https://nicharalambous.com/blog/new-technology-built-to-mimic-old,0,32,0%,22.94
https://nicharalambous.com/podguest,0,32,0%,26.19
https://nicharalambous.com/blog/tag/Murder Most Foul,0,32,0%,37.88
https://nicharalambous.com/blog/fresh-faced-comic-richard-ryder,0,32,0%,52.97
https://nicharalambous.com/blog/raising-funding-can-be-a-distraction,0,31,0%,11.29
https://nicharalambous.com/blog/t-mobile-crowdsources-hey-jude-by-th,0,31,0%,14.84
https://nicharalambous.com/blog/springbok-haka-rubbish,0,31,0%,23.61
https://nicharalambous.com/blog/i-have-overinvested-in-being-at-home,0,31,0%,25.32
https://nicharalambous.com/blog/live-earth-concert,0,30,0%,48.63
https://nicharalambous.com/blog/sacre-coeur-paris,0,30,0%,59.23
https://nicharalambous.com/blog/technology-and-the-student,0,30,0%,75.77
https://nicharalambous.com/blog/tag/Sex,0,29,0%,9.86
https://nicharalambous.com/blog/vincent-maher-for-it-personality-of-the-year,0,29,0%,16.24
https://nicharalambous.com/blog/how-to-work-from-anywhere,0,29,0%,16.83
https://nicharalambous.com/blog/upstairs-bamboo,0,29,0%,27.45
https://nicharalambous.com/blog/whos-who-in-the-racial-online-zoo,0,29,0%,37.21
https://nicharalambous.com/blog/cyanide-really-is-happiness,0,29,0%,38.41
https://nicharalambous.com/blog/mac-vs-pc-the-ultimate-video,0,29,0%,61.45
https://nicharalambous.com/blog/identify-with-your-blog,0,28,0%,10.5
https://nicharalambous.com/blog/tag/Rants,0,28,0%,16.25
https://nicharalambous.com/blog/things-ive-learnt-in-the-past-two-weeks,0,28,0%,28.82
https://nicharalambous.com/blog/wimpy-fame,0,28,0%,35.46
https://nicharalambous.com/blog/4-hours-in-the-hot-seat-and-my-tattoo-is-done,0,28,0%,45.36
https://nicharalambous.com/blog/learn-how-to-apologise,0,27,0%,27.63
https://nicharalambous.com/blog/trying-to-be-the-best-is-killing-you,0,27,0%,59.52
https://nicharalambous.com/blog/rap-on-the-knuckles-from-facebook,0,27,0%,88.63
https://nicharalambous.com/blog/whipped-on-the-golf-course,0,26,0%,17.65
https://nicharalambous.com/blog/the-eye-of-the-phone,0,26,0%,26.12
https://nicharalambous.com/blog/natalie-nagele,0,26,0%,36.54
https://nicharalambous.com/blog/2020/4/13/starting-a-side-hustle-enca-tv-feature,0,26,0%,47.31
https://nicharalambous.com/blog/choir-of-confusion,0,25,0%,18.28
https://nicharalambous.com/blog/metro-police-breaking-the-law,0,25,0%,18.44
https://nicharalambous.com/blog/2020/2/3/rules-are-made-by-people-just-like-you,0,25,0%,20.84
https://nicharalambous.com/blog/princess-diana-gets-an-audience-of-over-500-million-people,0,25,0%,34.08
https://nicharalambous.com/blog/christmas-in-february,0,25,0%,36.8
https://nicharalambous.com/blog/musics-gone-mainstream-and-its-killing-the-die-hard-listener,0,25,0%,46.76
https://nicharalambous.com/blog/quickfire-online-payment-options-for-south-africa,0,25,0%,57.8
https://nicharalambous.com/blog/to-blog-or-to-read-the-intellectuals-blogwho-are-the-intellectuals,0,24,0%,16.29
https://nicharalambous.com/blog/the-citizen-mike-stopforth-and-sa-rocks,0,24,0%,30.5
https://nicharalambous.com/blog/egyptian-blogger-jailed,0,24,0%,33.38
https://nicharalambous.com/blog/youtbehttpwwwyoutubecomwatchv2,0,24,0%,33.75
https://nicharalambous.com/blog/this-is-how-you-grow-a-mo-bro,0,24,0%,41.79
https://nicharalambous.com/blog/url-abc,0,24,0%,42
https://nicharalambous.com/blog/tag/Tara Reid,0,24,0%,50.83
https://nicharalambous.com/blog/more-posts-ahead-i-promise,0,23,0%,9.78
https://nicharalambous.com/blog/who-taught-you-how-to,0,23,0%,15.74
https://nicharalambous.com/blog/tag/Muti,0,23,0%,20.26
https://nicharalambous.com/blog/rob-hope,0,23,0%,20.39
https://nicharalambous.com/blog/graduation-ceremony-well-overdue,0,23,0%,55.61
https://nicharalambous.com/blog/google-calendar,0,23,0%,64.35
https://nicharalambous.com/blog/stretching,0,22,0%,18.77
https://nicharalambous.com/blog/good-content-niche-markets-and-interesting-angles,0,22,0%,18.86
https://nicharalambous.com/blog/tag/vottle,0,22,0%,19.32
https://nicharalambous.com/blog/tag/design,0,22,0%,19.91
https://nicharalambous.com/blog/sarockscoza-launches-today,0,22,0%,22.91
https://nicharalambous.com/blog/cancer-shavathon,0,22,0%,25.36
https://nicharalambous.com/blog/tag/my big fat greek wedding,0,22,0%,36.77
https://nicharalambous.com/blog/laying-foundation,0,22,0%,54.86
https://nicharalambous.com/blog/southparks-1-moment,0,22,0%,57
https://nicharalambous.com/blog/tag/Competition,0,21,0%,9.29
https://nicharalambous.com/blog/kyoto-protocol,0,21,0%,22.19
https://nicharalambous.com/blog/fresh-faced-comic-denzel-gets-done,0,21,0%,24.52
https://nicharalambous.com/blog/tag/NicSocks,0,21,0%,26
https://nicharalambous.com/blog/kakfunny-or-just-plain-kak,0,21,0%,28.14
https://nicharalambous.com/blog/tag/Death,0,21,0%,42.33
https://nicharalambous.com/blog/niche-websites-debuty-dog,0,21,0%,43.9
https://nicharalambous.com/blog/tag/Paris Hilton,0,21,0%,53.62
https://nicharalambous.com/blog/meetings-en-masse-or-more-relevant-meetings,0,20,0%,7.75
https://nicharalambous.com/blog/visual-representation-of-my-facebook-community,0,20,0%,10.95
https://nicharalambous.com/blog/add-flickr-photos-to-your-facebook,0,20,0%,28.35
https://nicharalambous.com/blog/britains-got-punjabi-talent,0,20,0%,34.5
https://nicharalambous.com/blog/ellen-update,0,20,0%,35.25
https://nicharalambous.com/blog/zoopy-interviews-arianna-star,0,20,0%,46.2
https://nicharalambous.com/blog/is-timbaland-the-web-20-of-the-music-industry,0,20,0%,46.7
https://nicharalambous.com/blog/eskom-saved-me-r40-000-yesterday,0,20,0%,57.1
https://nicharalambous.com/blog/what-movember-2010-means-to-means-to-me,0,20,0%,58
https://nicharalambous.com/blog/ron-luce-an-extremist-rallying-teenage-workers-to-promote-his-agenda,0,20,0%,89.3
https://nicharalambous.com/blog/start-something-manifesto,0,19,0%,32.05
https://nicharalambous.com/blog/tag/rock,0,19,0%,34.47
https://nicharalambous.com/blog/photoshop-screwing-with-our-youth,0,19,0%,41.84
https://nicharalambous.com/blog/tag/Mecer,0,19,0%,51.63
https://nicharalambous.com/blog/facebook-busts-oxford-students,0,18,0%,9.11
https://nicharalambous.com/blog/perspective,0,18,0%,18.72
https://nicharalambous.com/blog/i-have-mumps-and-now-im-fat,0,18,0%,24.17
https://nicharalambous.com/blog/tag/Margaret Thatcher,0,18,0%,25.39
https://nicharalambous.com/blog/the-corruption-of-an-apathetic-electorate,0,18,0%,29.44
https://nicharalambous.com/blog/tag/Coke,0,18,0%,38.44
https://nicharalambous.com/blog/update-techattack-3-cocomment,0,18,0%,46.39
https://nicharalambous.com/blog/tag/FlameBait,0,18,0%,53.83
https://nicharalambous.com/blog/fresh-faced-comic-and-ana-free-i-listen,0,18,0%,60.72
https://nicharalambous.com/blog/what-is-going-on-in-sa-politics-its-all-too-much,0,18,0%,63.78
https://nicharalambous.com/blog/tag/Vernon Koekemoer,0,18,0%,85.39
https://nicharalambous.com/new-products/p/monthly-coaching,0,17,0%,7
https://nicharalambous.com/blog/tag/movies,0,17,0%,8.76
https://nicharalambous.com/blog/johnnic-is-dead-avusa-lives,0,17,0%,14.06
https://nicharalambous.com/blog/tag/Media,0,17,0%,16.47
https://nicharalambous.com/blog/innovation-is-not-for-everyone,0,17,0%,17.47
https://nicharalambous.com/blog/tv-4-documentaries,0,17,0%,19.35
https://nicharalambous.com/blog/your-idea-my-idea-whys-everyone-so-paranoid,0,17,0%,20.06
https://nicharalambous.com/blog/live-earth-sa-flags-and-climate-change,0,17,0%,35.65
https://nicharalambous.com/blog/tag/Naked,0,17,0%,42.88
https://nicharalambous.com/blog/to-shutdown-or-not-to-shutdown,0,16,0%,2.75
https://nicharalambous.com/blog/untitled,0,16,0%,8
https://nicharalambous.com/blog/jonathan-harris-the-webs-secret-stories,0,16,0%,15.94
https://nicharalambous.com/blog/tag/Cars,0,16,0%,23
https://nicharalambous.com/blog/are-ugly-girls-all-talk,0,16,0%,25.62
https://nicharalambous.com/blog/tag/RSS,0,16,0%,27.38
https://nicharalambous.com/blog/informal-ballet,0,16,0%,31.81
https://nicharalambous.com/blog/zeitgeist-sugar-chocolate-and-politics,0,16,0%,41.25
https://nicharalambous.com/blog/tag/TechAttack,0,16,0%,43.88
https://nicharalambous.com/blog/tag/Financial Mail,0,16,0%,51.31
https://nicharalambous.com/blog/im-trying-to-get-fit-healthy-sleep-p,0,16,0%,52.94
https://nicharalambous.com/blog/i-think-i-hit-a-nerve,0,15,0%,7.8
https://nicharalambous.com/blog/tag/Music,0,15,0%,10.53
https://nicharalambous.com/blog/quote,0,15,0%,13.07
https://nicharalambous.com/blog/inspiration-indaba-is-coming,0,15,0%,20.07
https://nicharalambous.com/blog/tag/mycoke,0,15,0%,22.47
https://nicharalambous.com/blog/road-trippin-to-grahamstown-dci-and-highway-africa,0,15,0%,23.6
https://nicharalambous.com/blog/synthasite-beta-falls-at-the-first-hurdle,0,15,0%,24.33
https://nicharalambous.com/blog/white-men-dominate-media-industry,0,15,0%,25.07
https://nicharalambous.com/blog/tag/gossip girl,0,15,0%,25.8
https://nicharalambous.com/blog/tag/viral,0,15,0%,30.93
https://nicharalambous.com/blog/the-irony-zim-beats-aus,0,15,0%,37.4
https://nicharalambous.com/blog/tag/Minki,0,15,0%,40.67
https://nicharalambous.com/blog/screw-it-just-do-it-more-from-the-book,0,15,0%,45.6
https://nicharalambous.com/blog/third-time-lucky-the-flamebait-podcast-eventually,0,15,0%,50.2
https://nicharalambous.com/blog/2020/3/24/the-time-to-lead-is-now,0,14,0%,4
https://nicharalambous.com/blog/i-shouldve-been-a-vibrator-tester,0,14,0%,14.07
https://nicharalambous.com/blog/techattack-4-haloscan,0,14,0%,15.71
https://nicharalambous.com/blog/googles-scary-master-plan,0,14,0%,17.71
https://nicharalambous.com/blog/slow-salem,0,14,0%,24
https://nicharalambous.com/blog/competitive-blogging,0,14,0%,24.64
https://nicharalambous.com/blog/how-much-gmail-space-have-you-used,0,14,0%,26
https://nicharalambous.com/blog/in-honour-of-the-vincentbolton-t-war,0,14,0%,26.14
https://nicharalambous.com/blog/corporate-adjustment-the-cubicle,0,14,0%,26.93
https://nicharalambous.com/blog/things-that-make-me-laugh-at-the-moment,0,14,0%,30.64
https://nicharalambous.com/blog/the-fundamental-misunderstanding-of-business-by-startup-ceos,0,14,0%,35.64
https://nicharalambous.com/blog/could-julian-assange-be-the-worlds-greatest-villain,0,14,0%,36.86
https://nicharalambous.com/blog/fresh-faced-comic-travis-simmons-bush-is-my-bitch,0,14,0%,37.64
https://nicharalambous.com/blog/grahamstown-review,0,14,0%,42.93
https://nicharalambous.com/blog/tag/WikiLeaks,0,14,0%,57.36
https://nicharalambous.com/blog/philtonshuttp,0,13,0%,14.08
https://nicharalambous.com/blog/mobile-q-and-ahmmm,0,13,0%,19.54
https://nicharalambous.com/blog/leave-atheists-out-of-it-verashni,0,13,0%,21.85
https://nicharalambous.com/blog/shady-looking-character,0,13,0%,30.08
https://nicharalambous.com/blog/what-the-world-needs-is-another-publishing-platform,0,13,0%,30.77
https://nicharalambous.com/blog/township-smiles,0,13,0%,39.92
https://nicharalambous.com/blog/shun-the-psuedo-celebrity-role-model,0,13,0%,41
https://nicharalambous.com/blog/url-change-failed,0,13,0%,45.38
https://nicharalambous.com/blog/mobile-adverts-without-mobile-websites,0,13,0%,92.23
https://nicharalambous.com/blog/survivor-south-africa-possible-racial-politics,0,12,0%,3.58
https://nicharalambous.com/blog/vw-rim-fail,0,12,0%,16.33
https://nicharalambous.com/blog/2020/4/23/your-career-is-no-longer-safe,0,12,0%,16.5
https://nicharalambous.com/blog/guilt-spam-is-the-new-black,0,12,0%,20.17
https://nicharalambous.com/blog/link,0,12,0%,20.75
https://nicharalambous.com/blog/2020/4/2/win-a-copy-of-how-to-start-a-side-hustle,0,12,0%,28.58
https://nicharalambous.com/blog/2020/2/26/five-things-i-do-to-improve-mynbsplife,0,12,0%,31.17
https://nicharalambous.com/blog/g8-sucks,0,12,0%,33.42
https://nicharalambous.com/its-not-over-prep,0,12,0%,41.5
https://nicharalambous.com/blog/tag/Cricket Wprld Cup,0,12,0%,42.17
https://nicharalambous.com/blog/sony-bravia-blows-my-mind,0,12,0%,57.92
https://nicharalambous.com/blog/facebook-issues-and-errors,0,12,0%,65.83
https://nicharalambous.com/blog/did-viral-marketing-start-with-god,0,11,0%,6.36
https://nicharalambous.com/blog/ashton-kutcher-vs-cnn-celebstream-vs-mainstream,0,11,0%,13.18
https://nicharalambous.com/blog/tag/Explosm-net,0,11,0%,13.36
https://nicharalambous.com/blog/gareth-cliff-reads-this-blog,0,11,0%,17.36
https://nicharalambous.com/blog/to-me-or-not-to-me-that-is-the-question,0,11,0%,24.09
https://nicharalambous.com/blog/stupid-is-2,0,11,0%,25.91
https://nicharalambous.com/blog/little-alex,0,11,0%,26.36
https://nicharalambous.com/blog/tattoos,0,11,0%,26.91
https://nicharalambous.com/blog/networking-rules-the-blogosphere,0,11,0%,27.09
https://nicharalambous.com/blog/war-on-roadside-hawkers,0,11,0%,36.64
https://nicharalambous.com/blog/delayed-babies,0,11,0%,36.73
https://nicharalambous.com/blog/links-for-2007-09-29,0,11,0%,41
https://nicharalambous.com/blog/hand-of-hope,0,11,0%,46.45
https://nicharalambous.com/blog/tag/gumtree,0,11,0%,56.27
https://nicharalambous.com/blog/gautrain-stikes,0,11,0%,65.45
https://nicharalambous.com/blog/tag/Investing,0,11,0%,65.64
https://nicharalambous.com/blog/coldplay-jumps-on-download-revolution,0,10,0%,12.5
https://nicharalambous.com/blog/the-fan-the-fan,0,10,0%,12.6
https://nicharalambous.com/blog/tag/Personal,0,10,0%,13.3
https://nicharalambous.com/blog/hoffmeyer-almost-backs-anti-religion-rock-concert,0,10,0%,14
https://nicharalambous.com/blog/amy-winehouse-pisses-me-off,0,10,0%,14.6
https://nicharalambous.com/blog/picture-perfect-peppers,0,10,0%,14.9
https://nicharalambous.com/blog/shes-coming-home,0,10,0%,32.1
https://nicharalambous.com/blog/working-overtime,0,10,0%,36.4
https://nicharalambous.com/blog/amatomu-zeitgiest-3,0,10,0%,40.2
https://nicharalambous.com/blog/tag/SA Rocks,0,10,0%,43.6
https://nicharalambous.com/blog/tag/Bono,0,10,0%,46.4
https://nicharalambous.com/blog/tag/TikTok,0,10,0%,50.2
https://nicharalambous.com/blog/are-blogrolls-dead,0,10,0%,77.6
https://nicharalambous.com/blog/tourettes-is-a-bitch,0,9,0%,4.78
https://nicharalambous.com/blog/tag/Zoe Margolis,0,9,0%,7
https://nicharalambous.com/blog/tag/Mentez-com,0,9,0%,7.67
https://nicharalambous.com/blog/must-do-exercise,0,9,0%,7.89
https://nicharalambous.com/coaching,0,9,0%,8.56
https://nicharalambous.com/blog/2020/5/19/zev-siegl-starbucks-co-founder-ep-07-of-the-curious-cult-show,0,9,0%,8.78
https://nicharalambous.com/blog/tagged-teamed-and-bringing-my,0,9,0%,18.22
https://nicharalambous.com/blog/facebook-is-trying-to-take-on-the-internet-and-email-an-all-an-all,0,9,0%,22.11
https://nicharalambous.com/blog/tag/craig rodney,0,9,0%,22.78
https://nicharalambous.com/blog/music-20,0,9,0%,24.44
https://nicharalambous.com/blog/mweb-advertise-on-top-of-teasers,0,9,0%,26.22
https://nicharalambous.com/blog/get-hold-of-the-boss-man,0,9,0%,32
https://nicharalambous.com/blog/2020/2/3/filter-your-network-or-fail,0,9,0%,46.44
https://nicharalambous.com/blog/tag/Marketing,0,9,0%,54.22
https://nicharalambous.com/blog/this-is-swarm,0,9,0%,57.56
https://nicharalambous.com/blog/google-might-just-do-some-evil,0,9,0%,76.11
https://nicharalambous.com/blog/financial-mail-gets-blogging,0,9,0%,78.89
https://nicharalambous.com/blog/nicharalambouscom,0,8,0%,13
https://nicharalambous.com/blog/kes-boy-murdered-wtf,0,8,0%,16.62
https://nicharalambous.com/blog/katlehong,0,8,0%,20.12
https://nicharalambous.com/blog/coolest-guy-on-the-internet,0,8,0%,24.25
https://nicharalambous.com/blog/2020/2/3/ask-yourself-is-this-the-hill-you-want-to-die-on,0,8,0%,27.5
https://nicharalambous.com/blog/i-love-you,0,8,0%,29.38
https://nicharalambous.com/blog/to-do-list-2008,0,8,0%,33.38
https://nicharalambous.com/blog/locally-hosted-sa-site-will-not-succeed,0,8,0%,36.62
https://nicharalambous.com/blog/earthlike-planet-discovered,0,8,0%,41.62
https://nicharalambous.com/blog/on-holiday-in-st-francis,0,8,0%,42.62
https://nicharalambous.com/blog/tag/Monopoly,0,8,0%,43.5
https://nicharalambous.com/blog/world-aids-day,0,8,0%,45
https://nicharalambous.com/blog/tag/Afrihost,0,8,0%,47.12
https://nicharalambous.com/blog/rss-blogs-publishing-other-peoples-blog-posts,0,8,0%,55.75
https://nicharalambous.com/blog/tag/Teasers,0,8,0%,56.25
https://nicharalambous.com/blog/error-messages-with-a-twist,0,8,0%,56.88
https://nicharalambous.com/blog/live-8,0,8,0%,62.75
https://nicharalambous.com/blog/2020/2/6/the-best-customer-service-in-three-simple-steps,0,8,0%,96
https://nicharalambous.com/blog/tag/Raging Pervert,0,7,0%,9
https://nicharalambous.com/blog/tag/Society,0,7,0%,15.14
https://nicharalambous.com/blog/relationships-are-choices,0,7,0%,18.86
https://nicharalambous.com/blog/the-facebook-song,0,7,0%,23
https://nicharalambous.com/blog/tag/sarocks,0,7,0%,31.86
https://nicharalambous.com/blog/tag/stiffy,0,7,0%,33
https://nicharalambous.com/blog/gmail-open-to-the-masses,0,7,0%,39
https://nicharalambous.com/blog/feeling-a-bit-down-feeling-a-bit-lonely,0,7,0%,40.43
https://nicharalambous.com/blog/hosting-locally-and-feeling-like-a-ho,0,7,0%,43.71
https://nicharalambous.com/blog/blogging-made-mobile,0,7,0%,47.29
https://nicharalambous.com/blog/tag/Sh'thouse Comic,0,7,0%,52.57
https://nicharalambous.com/blog/tag/socialpedia,0,7,0%,64.86
https://nicharalambous.com/blog/speakza-bloggers-for-a-free-press,0,7,0%,67.86
https://nicharalambous.com/blog/sing-while-your-winning-or-alone,0,7,0%,77
https://nicharalambous.com/blog/links-for-2007-04-29,0,7,0%,83.43
https://nicharalambous.com/blog/when-sites-just-dont-work,0,6,0%,5
https://nicharalambous.com/new-products/coaching,0,6,0%,7.33
https://nicharalambous.com/blog/mentezcom-a-fb-app-competition-and-ownership-issues,0,6,0%,7.67
https://nicharalambous.com/blog/captivate-is-almost-over,0,6,0%,8
https://nicharalambous.com/blog/rock-out-minus-the-politics,0,6,0%,8.67
https://nicharalambous.com/blog/tag/Webpromotion,0,6,0%,8.83
https://nicharalambous.com/blog/tag/Trip Hawkins,0,6,0%,9.67
https://nicharalambous.com/blog/blink-182-where-are-they-now,0,6,0%,11.67
https://nicharalambous.com/blog/tag/Sport,0,6,0%,12.83
https://nicharalambous.com/blog/welcome-to-009,0,6,0%,17.33
https://nicharalambous.com/blog/south-african-blog-awards-2007,0,6,0%,18
https://nicharalambous.com/blog/2020/4/13/mmusi-maimane-on-the-curious-cult-podcast-ep-02,0,6,0%,18.67
https://nicharalambous.com/blog/e-tv-and-the-grid-break-new-ground,0,6,0%,24
https://nicharalambous.com/blog/10-tips-to-help-climate-change,0,6,0%,25.17
https://nicharalambous.com/blog/fresh-faced-comic-okey-bakasi,0,6,0%,30.33
https://nicharalambous.com/blog/photo-essay-riots-in-the-streets,0,6,0%,35.33
https://nicharalambous.com/blog/is-the-independant-electoral-commission-in-cahoots-with-microsoft,0,6,0%,38.67
https://nicharalambous.com/blog/young-dumb-and-full-of,0,6,0%,61.17
https://nicharalambous.com/blog/weblogtheworld-tour-get-the-interviews-right-here,0,6,0%,63.67
https://nicharalambous.com/blog/sick-and-tired-of-being-sickand-tired,0,6,0%,65.83
https://nicharalambous.com/blog/million-dollar-avatar,0,5,0%,4.2
https://nicharalambous.com/blog/congratulations-for-the-sprout,0,5,0%,8.8
https://nicharalambous.com/blog/tag/afrigator,0,5,0%,14.2
https://nicharalambous.com/blog/links-for-2007-04-22,0,5,0%,15.6
https://nicharalambous.com/blog/new-blog-new-template-new-me,0,5,0%,18.8
https://nicharalambous.com/blog/tags-tags-and-8-more-tags,0,5,0%,29
https://nicharalambous.com/blog/online-business-is-tough,0,5,0%,30.4
https://nicharalambous.com/blog/mo-grow-day-five,0,5,0%,35.2
https://nicharalambous.com/blog/nicharalambouscom-hits-1-000-000-uniques-and-other-possible-april-fools-headlines,0,5,0%,37.4
https://nicharalambous.com/blog/the-iphone-can-it-make-calls,0,5,0%,50
https://nicharalambous.com/blog/no-cure-or-medication-for-mumps,0,5,0%,51.6
https://nicharalambous.com/blog/links-for-2007-06-07,0,5,0%,52.8
https://nicharalambous.com/blog/2020/2/3/the-unicorn-is-dead-long-live-the-zebra,0,5,0%,53.2
https://nicharalambous.com/blog/zoopy-jhb-covers-its-first-event-almost-live,0,5,0%,57
https://nicharalambous.com/blog/tag/Golf,0,5,0%,65.2
https://nicharalambous.com/blog/more-votes-more-voting,0,5,0%,67.4
https://nicharalambous.com/blog/2oceans-going-going-gone,0,5,0%,68.6
https://nicharalambous.com/blog/thoughtleader-launches,0,5,0%,69.4
https://nicharalambous.com/blog/tag/radical candor,0,5,0%,70.8
https://nicharalambous.com/blog/tag/Britney Speirs,0,5,0%,72
https://nicharalambous.com/blog/facebook-suggestions,0,5,0%,74
https://nicharalambous.com/blog/citizen-journalism-in-cape-town,0,5,0%,75
https://nicharalambous.com/blog/links-for-2007-04-12,0,5,0%,88
https://nicharalambous.com/blog/tag/afriguys,0,4,0%,4.75
https://nicharalambous.com/slow-hustle-newsletter,0,4,0%,6.25
https://nicharalambous.com/blog/david-perel-ep-14-of-the-curiosity-cult-show,0,4,0%,7
https://nicharalambous.com/blog/d2-dear-mr-president-read-this,0,4,0%,7.5
https://nicharalambous.com/blog/mumps-day-four-getting-bigger,0,4,0%,7.75
https://nicharalambous.com/blog/slave-bloggers-blog-till-you-die,0,4,0%,8
https://nicharalambous.com/blog/raging-pervert-small-dick-syndrome-methinks,0,4,0%,8.25
https://nicharalambous.com/blog/pokerific,0,4,0%,8.75
https://nicharalambous.com/blog/2020/4/6/announcing-the-launch-of-the-curious-cult-podcast,0,4,0%,9
https://nicharalambous.com/blog/fall-out-boy-in-sa,0,4,0%,9
https://nicharalambous.com/blog/2020/4/8/what-i-do-vs-what-i-can-do,0,4,0%,9.75
https://nicharalambous.com/blog/africanup-com-goes-live,0,4,0%,14.75
https://nicharalambous.com/blog/competitive-and-cooperative-success,0,4,0%,17
https://nicharalambous.com/blog/warning-blog-load-shedding-taking-place-this-week,0,4,0%,19
https://nicharalambous.com/blog/tag/Michael Jordan,0,4,0%,20.25
https://nicharalambous.com/blog/nothing-better-than-golf-on-a-sunday,0,4,0%,21
https://nicharalambous.com/s/Breaking-the-Burnout-Cycle.pdf,0,4,0%,24.5
https://nicharalambous.com/blog/tag/Egoli,0,4,0%,25
https://nicharalambous.com/blog/links-for-2007-10-24,0,4,0%,25.75
https://nicharalambous.com/blog/have-blog-titles-started-talking-to-one-another,0,4,0%,27.25
https://nicharalambous.com/blog/links-for-2007-05-09,0,4,0%,29
https://nicharalambous.com/blog/too-much-money-not-enough-friends,0,4,0%,43
https://nicharalambous.com/blog/philips-all-over-shave,0,4,0%,44.5
https://nicharalambous.com/blog/tag/Fame,0,4,0%,45.75
https://nicharalambous.com/blog/tag/taylor momsen,0,4,0%,46.75
https://nicharalambous.com/blog/self-portrait,0,4,0%,48.75
https://nicharalambous.com/blog/tag/Rubber-band Ball,0,4,0%,51.25
https://nicharalambous.com/blog/tag/responsibility-,0,4,0%,55.25
https://nicharalambous.com/blog/whos-who-online-list,0,4,0%,55.25
https://nicharalambous.com/blog/demetri-martin-on-viacom-vs-google,0,4,0%,56.25
https://nicharalambous.com/blog/tag/kate nash,0,4,0%,58.25
https://nicharalambous.com/blog/back-home-figh,0,4,0%,63.25
https://nicharalambous.com/blog/seacom-cable-landing-tomorrow-should-be,0,4,0%,75.75
https://nicharalambous.com/blog/tag/Technology,0,4,0%,82.25
https://nicharalambous.com/blog/mainstream-media-and-democracy-dead-by-2014,0,4,0%,138
https://nicharalambous.com/blog/mac-tutorials-online,0,3,0%,3.67
https://nicharalambous.com/blog/innovation-is-such-an-exception-thing-to,0,3,0%,4.33
https://nicharalambous.com/blog/travis-and-demetri-martin,0,3,0%,5.33
https://nicharalambous.com/blog/i-feel-like-im-being-medically-screwed,0,3,0%,6.33
https://nicharalambous.com/blog/ricky-januarie-drink-drive-and-play-professional-rugby?format=amp,0,3,0%,6.33
https://nicharalambous.com/blog/tag/Cyanide And Happiness,0,3,0%,6.33
https://nicharalambous.com/blog/james-brown-73-dies-whos-next,0,3,0%,7.33
https://nicharalambous.com/blog/shocking-regator-ripoff,0,3,0%,7.33
https://nicharalambous.com/blog/tag/Philton- Paroids,0,3,0%,7.33
https://nicharalambous.com/blog/tag/vottleblog,0,3,0%,7.33
https://nicharalambous.com/blog/tag/planet fitness rivonia,0,3,0%,7.67
https://nicharalambous.com/blog/crowdsourcing-my-tattoo-its-web-20h,0,3,0%,8
https://nicharalambous.com/blog/unsubscribe-and-save-your-sanity,0,3,0%,8
https://nicharalambous.com/blog/2020/2/3/reframe-rethink-and-reassess-everything,0,3,0%,12.33
https://nicharalambous.com/blog/tag/Steve Milton,0,3,0%,17.33
https://nicharalambous.com/blog/voteor-dontor-vote-maybe,0,3,0%,17.33
https://nicharalambous.com/blog/tag/24/7,0,3,0%,18.33
https://nicharalambous.com/blog/portrait,0,3,0%,24.67
https://nicharalambous.com/blog/tag/FB Apps,0,3,0%,24.67
https://nicharalambous.com/blog/gotta-love-wi-fi,0,3,0%,28
https://nicharalambous.com/blog/tag/Crime,0,3,0%,28.33
https://nicharalambous.com/blog/2007-was-a-year-to-remember,0,3,0%,30.67
https://nicharalambous.com/blog/people-i-chatted-to,0,3,0%,31.33
https://nicharalambous.com/blog/tag/coffee,0,3,0%,32.67
https://nicharalambous.com/blog/what-has-web-20-done-to-us-passive-time-vs-active-time,0,3,0%,34.67
https://nicharalambous.com/blog/blue-cheese-decision-making,0,3,0%,36
https://nicharalambous.com/blog/tag/money,0,3,0%,41.33
https://nicharalambous.com/blog/rmr-world-record-attempt,0,3,0%,44
https://nicharalambous.com/blog/tag/the onion,0,3,0%,44.67
https://nicharalambous.com/blog/ibiza-and-the-no-axe-jet,0,3,0%,45
https://nicharalambous.com/blog/tag/fail,0,3,0%,45
https://nicharalambous.com/blog/links-for-2007-10-25,0,3,0%,45.33
https://nicharalambous.com/blog/mapping-the-twitter-networks-of-legendsofecho,0,3,0%,48.33
https://nicharalambous.com/blog/tag/freedom,0,3,0%,51.67
https://nicharalambous.com/blog/tag/classifications,0,3,0%,52.33
https://nicharalambous.com/blog/tag/brands,0,3,0%,57.67
https://nicharalambous.com/blog/tag/Bush,0,3,0%,58.67
https://nicharalambous.com/blog/web-rage-two-and-a-half-years-in-jail,0,3,0%,60.67
https://nicharalambous.com/blog/google-search-rank-penalties,0,3,0%,65.67
https://nicharalambous.com/blog/tag/Bands,0,3,0%,67
https://nicharalambous.com/blog/di-died-due-to-drunken-driver,0,3,0%,68.67
https://nicharalambous.com/blog/tag/Scooters,0,3,0%,76
https://nicharalambous.com/blog/tag/Bubble Bath,0,3,0%,84.67
https://nicharalambous.com/blog/setting-up-posterous,0,3,0%,95.33
https://nicharalambous.com/blog/fresh-faced-comic-russell-peters,0,3,0%,96.33
https://nicharalambous.com/blog/innocent-dance,0,2,0%,2
https://nicharalambous.com/blog/tag/DJ Fresh,0,2,0%,2
https://nicharalambous.com/blog/wired-update,0,2,0%,2
https://nicharalambous.com/blog/ricky-januarie-drink-drive-and-play-professional-rugby,0,2,0%,4
https://nicharalambous.com/blog/links-for-2007-10-15,0,2,0%,4.5
https://nicharalambous.com/blog/some-people-are-meant-to-liveno-matter-what,0,2,0%,4.5
https://nicharalambous.com/blog/tag/link-twam,0,2,0%,5
https://nicharalambous.com/blog/tag/WBC,0,2,0%,5.5
https://nicharalambous.com/blog/dont-read-techcrunch,0,2,0%,6
https://nicharalambous.com/blog/tag/comic strip,0,2,0%,6
https://nicharalambous.com/blog/telkom-vs-eskom,0,2,0%,6
https://nicharalambous.com/blog/a-mosque-at-911-ground-zero,0,2,0%,7
https://nicharalambous.com/blog/dont-be-a-fool-dont-drive-drunk-bu,0,2,0%,7
https://nicharalambous.com/blog/tag/apps,0,2,0%,7
https://nicharalambous.com/blog/tag/gadgets,0,2,0%,7.5
https://nicharalambous.com/blog/tag/lara croft,0,2,0%,7.5
https://nicharalambous.com/blog/zoopy-goes-local-and-gets-fast-really-fast,0,2,0%,7.5
https://nicharalambous.com/blog/boredom,0,2,0%,8
https://nicharalambous.com/blog/demetri-martin-does-it-again,0,2,0%,8
https://nicharalambous.com/blog/facebooks-note-bloggers-must-outnumber-us-real-bloggers,0,2,0%,8
https://nicharalambous.com/blog/tag/Yossi Hasson,0,2,0%,8
https://nicharalambous.com/blog/speakza-bloggers-for-a-free-press?format=amp,0,2,0%,9
https://nicharalambous.com/blog/tag/devil,0,2,0%,9
https://nicharalambous.com/blog/the-follow-up-i-was-wrong-rattex-represents,0,2,0%,9
https://nicharalambous.com/blog/big-website-big-adspend-and-a-blogger-blog,0,2,0%,9.5
https://nicharalambous.com/blog/dont-mess-wif-my-tootoo,0,2,0%,10
https://nicharalambous.com/blog/outdated-save-icons-mean-nothing,0,2,0%,10
https://nicharalambous.com/blog/tag/5fm,0,2,0%,11
https://nicharalambous.com/blog/there-are-no-words,0,2,0%,11
https://nicharalambous.com/blog/tag/URL,0,2,0%,12.5
https://nicharalambous.com/blog/tag/ABC,0,2,0%,13.5
https://nicharalambous.com/blog/tag/shaunoakes-com,0,2,0%,14
https://nicharalambous.com/blog/too-many-things-to-do,0,2,0%,19.5
https://nicharalambous.com/blog/tag/Work,0,2,0%,20
https://nicharalambous.com/blog/2020/2/3/celebrate-your-victories-like-a-football-team-celebrates-a-goal,0,2,0%,22
https://nicharalambous.com/blog/links-for-2007-05-29,0,2,0%,25.5
https://nicharalambous.com/blog/win-with-5fm-and-zoopy,0,2,0%,27
https://nicharalambous.com/blog/facebook-goes-all-myspace-on-usis-this-the-beginning-of-the-end,0,2,0%,27.5
https://nicharalambous.com/blog/jippiis-rubbish-service,0,2,0%,28.5
https://nicharalambous.com/blog/amazeitgeist-vaginas-sunday-times-and-laughter,0,2,0%,30
https://nicharalambous.com/blog/saasuckscom,0,2,0%,30
https://nicharalambous.com/blog/tag/communication,0,2,0%,31.5
https://nicharalambous.com/blog/tag/ANC,0,2,0%,33
https://nicharalambous.com/blog/tag/Amatomu,0,2,0%,33.5
https://nicharalambous.com/blog/tag/aqua bimini,0,2,0%,33.5
https://nicharalambous.com/blog/women-abuse-by-south-african-males,0,2,0%,33.5
https://nicharalambous.com/blog/religion-day,0,2,0%,35.5
https://nicharalambous.com/blog/video,0,2,0%,36
https://nicharalambous.com/blog/tag/CoComment,0,2,0%,37.5
https://nicharalambous.com/blog/tag/Steve Rubel,0,2,0%,37.5
https://nicharalambous.com/blog/demetri-martin-is-hilarious,0,2,0%,39
https://nicharalambous.com/blog/tag/CPM,0,2,0%,40.5
https://nicharalambous.com/blog/saddam-escapes,0,2,0%,43
https://nicharalambous.com/blog/tag/Myspace,0,2,0%,45
https://nicharalambous.com/blog/tech-attack-8-paint-music-online,0,2,0%,45
https://nicharalambous.com/blog/financial-mail-blogging-at-polokwane,0,2,0%,45.5
https://nicharalambous.com/blog/im-going-down,0,2,0%,46
https://nicharalambous.com/blog/tag/twammers,0,2,0%,47.5
https://nicharalambous.com/blog/how-to-start-each-day-with-a-positive-outlook,0,2,0%,54.5
https://nicharalambous.com/blog/tag/parktown prawn,0,2,0%,56.5
https://nicharalambous.com/blog/tag/comparison,0,2,0%,57
https://nicharalambous.com/blog/blogger-issues,0,2,0%,58
https://nicharalambous.com/blog/sa-blog-awards-second-round,0,2,0%,60
https://nicharalambous.com/blog/my-rss-feed,0,2,0%,62.5
https://nicharalambous.com/blog/links-for-2007-06-10,0,2,0%,64.5
https://nicharalambous.com/blog/i-dig,0,2,0%,67
https://nicharalambous.com/blog/automated-blogrolls,0,2,0%,68
https://nicharalambous.com/blog/exchange-this,0,2,0%,69.5
https://nicharalambous.com/blog/whiskey-contributions,0,2,0%,71.5
https://nicharalambous.com/blog/3s-tag,0,2,0%,72.5
https://nicharalambous.com/blog/getting-wired,0,2,0%,77.5
https://nicharalambous.com/blog/the-worst-job-at-46664,0,2,0%,77.5
https://nicharalambous.com/blog/2020/4/24/evaluate-what-matters-and-move-towards-those-things-a-conversation-with-john-sanei,0,2,0%,79.5
https://nicharalambous.com/blog/cellphone-postit,0,2,0%,80.5
https://nicharalambous.com/blog/do-you-laugh-when-you-type-hahahaha,0,2,0%,81
https://nicharalambous.com/blog/links-for-2007-04-16,0,2,0%,82
https://nicharalambous.com/blog/clown-girl,0,2,0%,82.5
https://nicharalambous.com/blog/never-reformat-your-harddriveever,0,2,0%,83.5
https://nicharalambous.com/blog/spam-update,0,2,0%,86.5
https://nicharalambous.com/blog/voicemail-convesations,0,2,0%,94
https://nicharalambous.com/blog/mail-guardian-have-for-some-reason-t?format=amp,0,2,0%,171
https://nicharalambous.com/blog/a-social-network-that-pays-users,0,1,0%,1
https://nicharalambous.com/blog/achievement-dysmorphia/,0,1,0%,1
https://nicharalambous.com/blog/tag/Corruption,0,1,0%,1
https://nicharalambous.com/blog/tag/Gay Marriage,0,1,0%,1
https://nicharalambous.com/blog/tag/Pappou,0,1,0%,1
https://nicharalambous.com/blog/tag/deputydog,0,1,0%,1
https://nicharalambous.com/blog/tag/sniper,0,1,0%,1
https://nicharalambous.com/blog/tag/stoke,0,1,0%,1
https://nicharalambous.com/blog/links-for-2007-06-01,0,1,0%,2
https://nicharalambous.com/blog/tag/Same-Sex Marriage,0,1,0%,2
https://nicharalambous.com/blog/viewgle-the-shutterview-search-engine?format=amp,0,1,0%,2
https://nicharalambous.com/blog/vote-for-the-2010-world-cup-poster,0,1,0%,2
https://nicharalambous.com/blog/guns-n-roses-pull-out?format=amp,0,1,0%,3
https://nicharalambous.com/blog/is-afrihost-trying-to-take-over-sa-isp,0,1,0%,3
https://nicharalambous.com/blog/tag/Fraud,0,1,0%,3
https://nicharalambous.com/blog/tag/Logo,0,1,0%,3
https://nicharalambous.com/blog/tag/cooking,0,1,0%,3
https://nicharalambous.com/blog/tag/people,0,1,0%,3
https://nicharalambous.com/blog/tag/planet fitness sucks,0,1,0%,3
https://nicharalambous.com/blog/al-gore-wins-nobel-peace-prize-2007,0,1,0%,4
https://nicharalambous.com/blog/tag/Oh Boy,0,1,0%,4
https://nicharalambous.com/blog/tag/Spock,0,1,0%,4
https://nicharalambous.com/blog/tag/Zeitgeist,0,1,0%,4
https://nicharalambous.com/blog/tag/espionage,0,1,0%,4
https://nicharalambous.com/blog/tag/robert scoble,0,1,0%,4
https://nicharalambous.com/blog/are-30-second-videos-making-us-stupid,0,1,0%,5
https://nicharalambous.com/blog/faking-it-orgasms-ipods-and-more,0,1,0%,5
https://nicharalambous.com/blog/get-them-laid-south-african-version-needed,0,1,0%,5
https://nicharalambous.com/blog/hilarious-t-shirts,0,1,0%,5
https://nicharalambous.com/blog/i-hate-the-licensing-department,0,1,0%,5
https://nicharalambous.com/blog/links-for-2007-08-13,0,1,0%,5
https://nicharalambous.com/blog/tag/Advert,0,1,0%,5
https://nicharalambous.com/blog/tag/discovery sucks,0,1,0%,5
https://nicharalambous.com/blog/tag/reads,0,1,0%,5
https://nicharalambous.com/blog/great-men-were-destined-to-be-great,0,1,0%,6
https://nicharalambous.com/blog/links-for-2007-08-15,0,1,0%,6
https://nicharalambous.com/blog/tag/Amy Winehouse,0,1,0%,6
https://nicharalambous.com/blog/tag/Natalie Imbruglia,0,1,0%,6
https://nicharalambous.com/blog/tag/wealth,0,1,0%,6
https://nicharalambous.com/blog/take-a-break,0,1,0%,6
https://nicharalambous.com/blog/the-6400-decision-that-saved-this-business,0,1,0%,6
https://nicharalambous.com/blog/trust-no-magazine-trust-no-hottness,0,1,0%,6
https://nicharalambous.com/blog/blog-post-with-over-900-comments,0,1,0%,7
https://nicharalambous.com/blog/buy-an-island,0,1,0%,7
https://nicharalambous.com/blog/citizen-journalism-my-dci-presentation,0,1,0%,7
https://nicharalambous.com/blog/does-the-sa-blogging-elite-dominate-muti,0,1,0%,7
https://nicharalambous.com/blog/how-to-brand-yourself-online,0,1,0%,7
https://nicharalambous.com/blog/one-day-of-silence-for-the-usa-how-much-for-africa,0,1,0%,7
https://nicharalambous.com/blog/tag/Philton-shuttup,0,1,0%,7
https://nicharalambous.com/blog/tag/iPod Touch,0,1,0%,7
https://nicharalambous.com/blog/tag/tumbling,0,1,0%,7
https://nicharalambous.com/blog/trust-no-magazine-trust-no-hottness?format=amp,0,1,0%,7
https://nicharalambous.com/blog/whats-up-with-all-the-mygenius-buzz-are-these-paid-reviews,0,1,0%,7
https://nicharalambous.com/tbbt,0,1,0%,7
https://nicharalambous.com/blog/2020/3/26/how-to-start-a-side-hustle-sample-chapter,0,1,0%,8
https://nicharalambous.com/blog/greek-mothers-painfully-brilliant,0,1,0%,8
https://nicharalambous.com/blog/mumps-day-three-its-not-fun,0,1,0%,8
https://nicharalambous.com/blog/scratch-that-itch,0,1,0%,8
https://nicharalambous.com/blog/tag/Boxer Shorts,0,1,0%,8
https://nicharalambous.com/blog/tag/EricEdelstein,0,1,0%,8
https://nicharalambous.com/blog/tag/Grooming Sandton City,0,1,0%,8
https://nicharalambous.com/blog/tag/OHGizmo!,0,1,0%,8
https://nicharalambous.com/blog/tag/VFest,0,1,0%,8
https://nicharalambous.com/blog/tag/career limiting moves,0,1,0%,8
https://nicharalambous.com/blog/tag/development,0,1,0%,8
https://nicharalambous.com/blog/tag/donotdatehim,0,1,0%,8
https://nicharalambous.com/blog/techattack-5-fleck-not-flock-fleck,0,1,0%,8
https://nicharalambous.com/blog/tokyo-sexwale-for-president,0,1,0%,8
https://nicharalambous.com/blog/invasive-online-advertising,0,1,0%,9
https://nicharalambous.com/blog/tag/Demetri Martin,0,1,0%,9
https://nicharalambous.com/blog/tag/Edreams,0,1,0%,9
https://nicharalambous.com/blog/tag/Justin Hartman,0,1,0%,9
https://nicharalambous.com/blog/tag/NBC,0,1,0%,9
https://nicharalambous.com/blog/tag/TED,0,1,0%,9
https://nicharalambous.com/blog/tag/Tattoos,0,1,0%,9
https://nicharalambous.com/blog/tag/dog,0,1,0%,9
https://nicharalambous.com/blog/tag/ego,0,1,0%,9
https://nicharalambous.com/blog/tag/south africa rocks,0,1,0%,9
https://nicharalambous.com/blog/the-power-of-degeneres,0,1,0%,9
https://nicharalambous.com/blog/the-victim-leader-vs-the-opportunity-leader,0,1,0%,9
https://nicharalambous.com/blog/this-is-it,0,1,0%,9
https://nicharalambous.com/blog/working-from-home,0,1,0%,9
https://nicharalambous.com/blog/a-new-theme,0,1,0%,10
https://nicharalambous.com/blog/how-do-you-blog,0,1,0%,10
https://nicharalambous.com/blog/how-you-know-youre-not-nb-in-your-friends-mailing-lists,0,1,0%,10
https://nicharalambous.com/blog/i-think-twitter-killed-my-blog-with-the,0,1,0%,10
https://nicharalambous.com/blog/links-for-2007-07-05,0,1,0%,10
https://nicharalambous.com/blog/links-for-2007-10-16,0,1,0%,10
https://nicharalambous.com/blog/people-becoming-bloggers-becoming-products,0,1,0%,10
https://nicharalambous.com/blog/tag/2007,0,1,0%,10
https://nicharalambous.com/blog/tag/CRM,0,1,0%,10
https://nicharalambous.com/blog/tag/Cape Town,0,1,0%,10
https://nicharalambous.com/blog/tag/Princess Diana,0,1,0%,10
https://nicharalambous.com/blog/tag/addiction,0,1,0%,10
https://nicharalambous.com/blog/tag/cognitive bias,0,1,0%,10
https://nicharalambous.com/blog/tag/tom cruise,0,1,0%,10